{"cameraMode":{"drawMode":0,"name":"Shaded","section":"Shading Mode"},"sceneLighting":true,"audioPlay":false,"sceneViewState":{"showFog":true,"showMaterialUpdate":true,"showSkybox":true,"showFlares":true,"showImageEffects":true,"showParticleSystems":true},"in2DMode":false,"pivot":{"x":0.4734075665473938,"y":4.443221092224121,"z":-1.826444149017334},"rotation":{"x":-0.06599614769220352,"y":0.6911380887031555,"z":-0.06364163011312485,"w":-0.7169122099876404},"size":4.254057884216309,"orthographic":false}